{"cameraMode":{"drawMode":0,"name":"Shaded","section":"Shading Mode"},"sceneLighting":true,"audioPlay":false,"sceneViewState":{"showFog":false,"showMaterialUpdate":false,"showSkybox":false,"showFlares":false,"showImageEffects":false,"showParticleSystems":true},"in2DMode":false,"pivot":{"x":24.297822952270509,"y":-6.697483539581299,"z":-3.295506715774536},"rotation":{"x":0.09045569598674774,"y":0.7509626150131226,"z":-0.10521762073040009,"w":0.6456021666526794},"size":32.495880126953128,"orthographic":false}